StoreNum,ItemID,Sales,Units ,Year
57,2,679064.37,12885,2016
57,1,1268409.6,23766,2016
57,5,94744.94,4205,2016
57,35,1446.67,87,2016
57,7,1475152.07,24952,2016
57,4,1319620.85,28040,2016
57,8,140694.84,3763,2016
57,50,0.22,2,2016
57,36,78531.05,721,2016
57,3,202877.82,5312,2016
57,36,64053.33,566,2016
57,8,166213.9,4469,2016
57,1,1694048.6,27463,2016
57,7,1499581.95,27969,2016
57,3,209552.63,5145,2016
57,2,744474.92,12690,2016
57,50,22.71,564,2016
57,35,1438.69,91,2016
57,5,125868.5,4905,2016
57,4,1821838.87,31049,2016
57,8,156830.82,3802,2016
57,50,38.25,951,2016
57,7,1510468.44,26794,2016
57,1,1194060.38,17978,2016
57,5,140330.13,6026,2016
57,4,1763096.51,30466,2016
57,2,723470.42,13329,2016
57,35,995.47,41,2016
57,3,215066.39,5899,2016
57,36,54291.42,506,2016
57,8,117447.6,2795,2016
57,35,918.46,40,2016
57,50,0.11,1,2016
57,36,53794.54,516,2016
57,2,735961.49,14755,2016
57,7,1564458.78,23960,2016
57,3,197127.74,5025,2016
57,4,1193040.04,20207,2016
57,5,145451.69,6525,2016
57,1,1428531.17,21051,2016
57,2,597661.77,11549,2017
57,3,190657.83,6918,2017
57,1,1421689.89,26931,2017
57,7,1049820.02,16111,2017
57,5,133286.57,6397,2017
57,50,0.04,1,2017
57,4,1302991.39,23392,2017
57,8,128889.25,2890,2017
57,36,66323.41,567,2017
57,35,712.78,28,2017
57,35,555.2,15,2017
57,5,176989.38,8943,2017
57,1,1346829.41,19677,2017
57,2,679756.71,14105,2017
57,7,943338.94,14739,2017
57,50,0,1,2017
57,4,2058275.18,36875,2017
57,36,78103.74,753,2017
57,3,300124.09,9485,2017
57,8,137681.39,3325,2017
57,36,64416.1,649,2017
57,8,136433.35,3041,2017
57,1,1603309.09,23977,2017
57,2,696666.07,15325,2017
57,5,160291.32,8359,2017
57,4,1164303.06,21193,2017
57,7,1152468.16,19831,2017
57,35,349.45,12,2017
57,3,276085.3,8454,2017
57,7,1239835.06,22565,2017
57,50,0.03,-1,2017
57,1,1869986.68,33488,2017
57,8,152987.37,3601,2017
57,35,876.55,32,2017
57,36,41900.86,487,2017
57,2,1050814.04,29236,2017
57,3,323798.93,11202,2017
57,4,1167834.29,25880,2017
57,5,145603.2,7038,2017
57,35,643.2,23,2017
57,1,1622174.85,22904,2017
57,5,236901.54,11359,2017
57,4,1327425.7,24569,2017
57,3,283317.65,9453,2017
57,8,233058.86,5227,2017
57,36,50460.24,485,2017
57,50,0,1,2017
57,7,1219461.76,18246,2017
57,2,754628.53,13974,2017
57,35,741.2,20,2017
57,5,207130.54,9805,2017
57,7,1180603.77,20783,2017
57,2,1025052.16,17784,2017
57,1,2088001.99,30677,2017
57,8,297376.48,7152,2017
57,3,377462.67,14059,2017
57,50,0.11,1,2017
57,36,60001.57,539,2017
57,4,1681110.9,30660,2017
57,5,153525.39,6491,2017
57,35,470.4,21,2017
57,3,698509.12,23238,2017
57,4,1481414.55,24990,2017
57,1,1783859.32,23680,2017
57,36,46699.43,351,2017
57,8,244070.47,5704,2017
57,7,2061741.06,31204,2017
57,2,781212.05,13986,2017
57,4,1695389.33,23091,2017
57,5,121806.97,4487,2017
57,2,632771.61,10273,2017
57,1,1948112.38,24979,2017
57,36,53008.76,383,2017
57,50,0,3,2017
57,7,1450811.64,23118,2017
57,3,449595.29,14910,2017
57,8,212883.93,4752,2017
57,35,197.45,11,2017
57,4,1894104.13,28380,2017
57,2,885720.6,15653,2017
57,36,57586.76,400,2017
57,50,0.11,10,2017
57,3,260429.1,10590,2017
57,8,372358.6,9303,2017
57,35,732.3,20,2017
57,7,1416533.35,23871,2017
57,5,190779.47,8492,2017
57,1,1827604.1,26075,2017
57,2,1052936.79,18034,2017
57,4,1958472.75,31506,2017
57,1,1923171.71,27998,2017
57,5,207959.27,9006,2017
57,35,718.85,27,2017
57,36,54250.35,395,2017
57,8,253195,6108,2017
57,50,180,9,2017
57,7,1581270.32,23164,2017
57,3,304053.34,10973,2017
57,2,1622646.31,28150,2017
57,36,65337.01,465,2017
57,1,2182562.57,35620,2017
57,8,270204.41,7579,2017
57,3,249261.7,9756,2017
57,7,2125286.8,31660,2017
57,5,238297.2,10081,2017
57,35,263.45,10,2017
57,4,3043169.38,51062,2017
57,50,1020,72,2017
57,1,2183723.52,36104,2017
57,8,291594.65,8320,2017
57,36,52586.99,428,2017
57,4,2680616.38,46222,2017
57,5,227981.22,9542,2017
57,3,278426.05,9456,2017
57,35,378.25,12,2017
57,2,1429835.81,25199,2017
57,7,2389570.93,36187,2017
57,3,393368.65,12292,2017
57,5,332459.33,15470,2017
57,35,441.1,20,2017
57,8,446986.38,12695,2017
57,4,3506431.11,64251,2017
57,7,2730684.14,44529,2017
57,50,880.55,403,2017
57,36,67770.17,642,2017
57,2,1914235.04,37011,2017
57,1,3188259.59,60518,2017
57,7,1611064.01,23575,2017
57,5,136213.09,5263,2017
57,4,1697108.55,23382,2017
57,8,393228.8,7362,2017
57,36,51693.93,479,2017
57,50,400,33,2017
57,35,175.25,7,2017
57,2,745709.77,11375,2017
57,3,240081.92,7251,2017
57,1,1866854.29,25974,2017
57,2,1837662.35,17842,2017
57,7,2736128.45,33530,2017
57,4,1960160.33,23133,2017
57,36,36398.22,309,2017
57,50,640.15,34,2017
57,3,282099.05,8039,2017
57,8,167810.23,3528,2017
57,35,165,8,2017
57,5,136807.2,5342,2017
57,1,1980549.73,36457,2017
57,4,2104190.71,26400,2017
57,7,2055704.68,32171,2017
57,35,377.5,16,2017
57,8,167733.62,3382,2017
57,3,280864.99,7470,2017
57,36,43532.03,365,2017
57,50,600,30,2017
57,1,2066741.04,31957,2017
57,2,906921.69,13523,2017
57,5,140878.94,6057,2017
57,4,1756193.9,27647,2017
57,5,215047.13,9337,2017
57,7,1579080.94,25087,2017
57,50,540,27,2017
57,1,1736272.61,25052,2017
57,8,202813.49,4268,2017
57,2,1032832.17,16780,2017
57,3,192019.17,6120,2017
57,35,282.5,10,2017
57,36,60859.92,432,2017
57,3,258707.51,11570,2017
57,36,67024.09,426,2017
57,8,233188.16,5174,2017
57,50,835.6,570,2017
57,2,959354.17,16329,2017
57,7,1187311.68,17518,2017
57,35,376.45,9,2017
57,1,2216710.18,36685,2017
57,4,1635655.09,25642,2017
57,5,187347.85,7146,2017
57,2,1369812.63,27087,2017
57,8,287513.07,7065,2017
57,1,1985396.85,34682,2017
57,50,900,74,2017
57,3,332113.27,12869,2017
57,4,1653037.73,26541,2017
57,36,66535.22,493,2017
57,5,249044.49,12186,2017
57,35,434,13,2017
57,7,1393592.7,21523,2017
57,36,38375.86,354,2017
57,1,1548208.02,29203,2017
57,8,237847.21,6331,2017
57,50,960,134,2017
57,7,1738195.14,26021,2017
57,2,1983024.55,64485,2017
57,5,228394.51,11943,2017
57,35,421.5,16,2017
57,3,331067.42,11264,2017
57,4,2067958.81,32768,2017
57,50,510.63,65,2017
57,36,55240.3,396,2017
57,7,1229948.95,18136,2017
57,3,229198.93,7042,2017
57,35,191.9,6,2017
57,8,254183.87,5994,2017
57,4,2534258.69,42205,2017
57,5,135738.93,6482,2017
57,2,2175729.36,51712,2017
57,1,1681442.21,25457,2017
57,7,1495496.64,22383,2017
57,5,160503.78,8047,2017
57,1,2249510.65,38959,2017
57,4,1851768.85,32078,2017
57,2,1048532.29,21459,2017
57,50,480,34,2017
57,36,64300.45,562,2017
57,8,335068.84,9334,2017
57,3,234776.21,7402,2017
57,35,396.11,11,2017
57,50,210.11,37,2017
57,36,57791.02,548,2017
57,8,255952.82,7504,2017
57,3,262072.97,7329,2017
57,7,1672093.57,24427,2017
57,35,146,7,2017
57,2,991154.33,21902,2017
57,4,1427139.46,27146,2017
57,1,1771644.86,30763,2017
57,5,196878.92,9253,2017
57,35,307,10,2017
57,5,161157.87,7848,2017
57,4,1783515.52,35071,2017
57,2,922770.9,19019,2017
57,36,39450.31,361,2017
57,50,630.11,59,2017
57,8,270298.88,8362,2017
57,1,2598663.48,56074,2017
57,3,273667.74,7552,2017
57,7,1695683.06,25964,2017
57,4,1411477.58,28944,2017
57,5,134251.36,6333,2017
57,35,112,3,2017
57,3,180537.97,8703,2017
57,7,1324918.79,21571,2017
57,2,731034.82,16442,2017
57,36,50471.9,483,2017
57,50,540.22,58,2017
57,1,1721412.12,35010,2017
57,8,177325.56,4292,2017
57,7,1329043.05,21296,2017
57,1,1840633.04,40892,2017
57,8,231057.84,5480,2017
57,50,690,71,2017
57,36,53330.02,548,2017
57,2,754202.96,16520,2017
57,3,236098.24,9106,2017
57,5,156597.68,7599,2017
57,35,636,18,2017
57,4,2025327.37,45130,2017
57,3,284182.24,7823,2017
57,2,627957.51,14378,2017
57,1,1409879.53,28087,2017
57,5,183093.19,9318,2017
57,7,1335414.81,21397,2017
57,8,175581.98,4743,2017
57,36,52152.41,508,2017
57,35,525.95,11,2017
57,50,405.15,237,2017
57,4,1163880.2,23524,2017
57,5,204924.12,9777,2017
57,2,694312.23,16482,2017
57,1,1672127.84,35210,2017
57,7,1629057.05,25384,2017
57,4,1644840.52,39447,2017
57,8,214288.31,6124,2017
57,36,48943.79,547,2017
57,3,412416.09,12050,2017
57,50,900.48,1293,2017
57,35,613,38,2017
57,1,1933061.62,42837,2017
57,8,166903.84,4011,2017
57,2,733972.59,17385,2017
57,5,165268.97,7421,2017
57,4,1568714.42,30148,2017
57,3,193212.58,4881,2017
57,7,1079120.88,17547,2017
57,50,676.22,68,2017
57,35,263,6,2017
57,36,49548.1,472,2017
57,36,72444.15,624,2017
57,50,585.44,60,2017
57,1,1532471.2,23758,2017
57,8,248226.16,6942,2017
57,2,1148643.9,27400,2017
57,35,145.4,11,2017
57,3,187424.94,4300,2017
57,7,1752301.61,32580,2017
57,4,1425084.17,26696,2017
57,5,266996.7,12913,2017
57,8,172434.29,4121,2017
57,35,492.95,23,2017
57,50,765,66,2017
57,1,1514996.18,28051,2017
57,5,249289.36,10866,2017
57,4,1051926.5,21077,2017
57,3,242890.36,7222,2017
57,36,69426.25,574,2017
57,7,896565.88,13530,2017
57,2,704906.27,14557,2017
57,5,290222.87,13504,2017
57,35,422.95,35,2017
57,7,1278091.73,21421,2017
57,2,1381711.06,30225,2017
57,1,2214403.12,41774,2017
57,8,259165.57,7784,2017
57,50,1065,75,2017
57,36,96074.26,822,2017
57,3,291820.84,8333,2017
57,4,1780174.2,34012,2017
57,35,883.6,42,2017
57,5,537321.22,21615,2017
57,3,705580.62,24499,2017
57,4,2436665.71,37807,2017
57,2,1074244.25,19701,2017
57,1,2376867.62,37420,2017
57,8,278427.59,6603,2017
57,36,74668.2,676,2017
57,7,2226589.43,34504,2017
57,4,1735625.9,26876,2017
57,5,218987.57,6945,2017
57,2,895489.04,16139,2017
57,1,1693516.06,24752,2017
57,50,495,35,2017
57,8,227602.81,4251,2017
57,36,48356.87,397,2017
57,7,1685267.93,25405,2017
57,3,327144.48,10372,2017
57,35,612.9,29,2017
57,4,1691444.84,26828,2017
57,2,1030348.23,18005,2017
57,50,-3.75,0,2017
57,3,255936.32,10804,2017
57,36,56958.68,439,2017
57,8,254999.46,5321,2017
57,7,1281359.69,21208,2017
57,35,370.35,23,2017
57,5,233675.5,7430,2017
57,1,2272175.36,35930,2017
57,2,879395.7,16013,2017
57,4,1607546.84,24524,2017
57,1,1970803.04,29102,2017
57,5,198760.91,5866,2017
57,36,50260.26,383,2017
57,50,0.26,84,2017
57,7,1396640.99,23797,2017
57,8,248218.48,5957,2017
57,35,324.5,12,2017
57,3,277784.08,14620,2017
57,2,933366.36,17638,2017
57,36,53465.49,442,2017
57,8,622386.25,12978,2017
57,1,2520718.54,43227,2017
57,7,2108727.86,27520,2017
57,50,0.4,856,2017
57,3,397877.34,20456,2017
57,35,633.3,25,2017
57,5,351824.79,12272,2017
57,4,2391452.9,37781,2017
57,1,3483571.83,53697,2017
57,36,65093.12,451,2017
57,50,0.29,23,2017
57,8,474685.8,12570,2017
57,5,487550,17098,2017
57,4,4129472.09,64829,2017
57,35,1078.25,41,2017
57,3,370360.63,16298,2017
57,7,2490560.09,37667,2017
57,2,2062542.75,37301,2017
57,3,390258.84,18406,2017
57,5,494162.76,15900,2017
57,35,934.23,46,2017
57,4,3307558.49,49575,2017
57,7,2765196.41,38657,2017
57,8,474903.15,15154,2017
57,36,76418.04,525,2017
57,1,3057322.45,42884,2017
57,50,0.01,1,2017
57,2,1934357.89,31580,2017
57,7,2995702.36,49033,2017
57,8,442980.77,12012,2017
57,50,0.11,1,2017
57,36,97416.05,768,2017
57,35,843.73,39,2017
57,4,3112503.9,48696,2017
57,3,359691.44,17136,2017
57,2,1994393.02,34977,2017
57,1,3234376.47,52071,2017
57,5,517501.88,18445,2017
57,2,1691928.7,29049,2017
57,50,0,296,2017
57,4,4102628.23,70137,2017
57,3,483405.94,21375,2017
57,36,111655.51,931,2017
57,35,1012.59,43,2017
57,8,366549.51,10516,2017
57,5,584105.16,20841,2017
57,1,3702130.15,53191,2017
57,5,493267.11,18671,2017
57,4,3155086.22,54793,2017
57,7,4130835.05,56373,2017
57,35,1053.18,46,2017
57,3,662754.49,27771,2017
57,50,0.08,376,2017
57,36,129520.68,1039,2017
57,8,485602.36,12499,2017
57,4,3400923.62,52521,2017
57,5,638326.98,20296,2017
57,1,3986042.09,50789,2017
57,50,0.04,725,2017
57,36,119857.17,790,2017
57,8,594570.82,15700,2017
57,35,1227.4,60,2017
57,3,660805.67,24020,2017
57,35,2276,118,2017
57,50,0.06,178,2017
57,8,603079.48,17802,2017
57,1,2830605.83,45082,2017
57,36,139751.51,1285,2017
57,4,4506851.18,58138,2017
57,5,644341.24,25144,2017
57,35,3243.1,149,2017
57,50,0.29,19,2017
57,2,2612161.96,54886,2017
57,8,500221.62,17582,2017
57,50,0.33,5,2017
57,1,2166101.15,32861,2017
57,36,97821.68,810,2017
57,7,3144366.32,51314,2017
57,5,583461.94,23497,2017
57,3,568027.12,20746,2017
57,50,0.76,441,2017
57,8,656892.77,22883,2017
57,1,2672418.93,35530,2017
57,36,134332.75,957,2017
57,5,549828.86,21039,2017
57,4,3233016.58,51272,2017
57,2,3091063.13,76065,2017
57,7,3202403.1,50000,2017
57,5,454074.53,23908,2017
57,4,3663489.12,78833,2017
57,2,3198401.98,66135,2017
57,50,0.05,1496,2017
57,3,712761.24,42960,2017
57,8,399720.05,12682,2017
57,7,2019699.98,32408,2017
57,36,138484.61,1103,2017
57,8,276272.55,9125,2017
57,50,0.02,7,2017
57,35,3019.33,192,2017
57,3,223486.08,11559,2017
57,2,1356314.46,31813,2017
57,4,1512223.8,31824,2017
57,1,2441728.62,48682,2017
57,5,277154.08,12668,2017
57,35,1408.89,99,2017
57,4,1339610.97,30133,2017
57,5,198392.52,9049,2017
57,1,1620790.95,28477,2017
57,2,791879.91,17720,2017
57,8,198652.78,6375,2017
57,50,0,2,2017
57,36,114957.26,902,2017
57,3,210918.12,12019,2017
57,7,1391469.78,22276,2017
57,5,185686.16,8350,2017
57,4,1613203.7,34098,2017
57,35,420.56,30,2017
57,3,223790.22,11891,2017
57,2,864953.44,19943,2017
57,7,1053686.69,19363,2017
57,36,89981.96,713,2017
57,8,195451.04,5527,2017
57,50,0,1,2017
57,1,1505260.09,24722,2017
57,7,1338907.02,22839,2017
57,1,1432800.17,21346,2017
57,50,0,4,2017
57,8,212645.74,6604,2017
57,36,99743.03,791,2017
57,2,716733.28,14697,2017
57,5,151362.46,6705,2017
57,3,192126.68,8634,2017
57,35,463.11,23,2017
57,4,1190102.45,23953,2017
57,3,218141.24,10404,2017
57,1,1691419.77,25584,2017
57,5,166807.14,6132,2017
57,2,741371.19,14048,2017
57,7,1157074.66,19431,2017
57,35,1371.32,84,2017
57,36,139687.59,1307,2017
57,8,291171.32,8755,2017
57,4,1890256.87,37274,2017
57,7,1010729.01,15405,2018
57,35,1267.75,59,2018
57,8,400069.28,12517,2018
57,3,263170.68,15741,2018
57,36,140864.2,1142,2018
57,4,1889867.12,38601,2018
57,2,802677.65,14459,2018
57,5,244752.44,11010,2018
57,1,1941520.76,28771,2018
57,35,893.64,48,2018
57,4,1394934.48,25166,2018
57,1,1673968.5,23277,2018
57,5,239901.87,9874,2018
57,2,927266.95,18660,2018
57,3,301734.6,15305,2018
57,36,167149.19,1414,2018
57,8,410988.91,11566,2018
57,7,1215561.38,21199,2018
57,35,987.01,51,2018
57,5,251546.35,12094,2018
57,7,1221375.46,21089,2018
57,3,347864.63,21745,2018
57,2,922348.39,19496,2018
57,50,0.33,3,2018
57,36,110464.3,999,2018
57,1,1802451.18,29067,2018
57,8,343806.49,8561,2018
57,4,1043356.89,20759,2018
57,4,1457047.38,29008,2018
57,35,923.47,47,2018
57,5,256745.93,13023,2018
57,3,228688.64,10180,2018
57,1,2483076.23,38954,2018
57,8,336545.93,10656,2018
57,36,142279.63,1273,2018
57,7,1094663.45,20634,2018
57,2,1084723.67,24594,2018
57,3,424687.11,12104,2018
57,5,279191.68,10560,2018
57,1,2115757.29,31301,2018
57,2,726732.91,13766,2018
57,7,1392623.43,23454,2018
57,36,109550.7,805,2018
57,35,748.47,34,2018
57,8,219774.93,5933,2018
57,4,1195775.07,21837,2018
57,1,2568873.29,37266,2018
57,7,2186617.05,33714,2018
57,5,274305.94,9357,2018
57,3,448638.01,16136,2018
57,2,963517.48,17793,2018
57,36,158196.4,1210,2018
57,8,250984.11,5830,2018
57,4,1647179.06,28108,2018
57,35,790.27,44,2018
57,2,1653746.14,30283,2018
57,1,2993050.55,48739,2018
57,5,307784.03,12747,2018
57,7,1985579.88,37220,2018
57,4,2195935.18,39856,2018
57,8,284447.44,7618,2018
57,3,637146.41,21953,2018
57,36,161732.41,1328,2018
57,35,1109.89,62,2018
57,35,458.29,32,2018
57,4,1585948.08,28007,2018
57,8,341235.86,8485,2018
57,5,212545.82,9649,2018
57,36,131270.9,945,2018
57,1,2347453.39,33970,2018
57,2,978334.78,17871,2018
57,3,341012.35,11112,2018
57,7,1398028.39,29199,2018
57,36,99466.57,656,2018
57,1,1962850.63,30196,2018
57,8,300505.15,6732,2018
57,5,178076.4,6184,2018
57,4,1986976.62,30076,2018
57,2,778507.23,12777,2018
57,35,570.58,22,2018
57,3,305815.32,9235,2018
57,7,1006414.67,19875,2018
57,7,1899352.3,28794,2018
57,50,500,20,2018
57,1,2331665.17,36942,2018
57,36,109627.69,707,2018
57,8,237830.98,9172,2018
57,35,279.85,9,2018
57,2,1133986.03,22047,2018
57,3,313491.1,11947,2018
57,5,197413.95,7312,2018
57,4,2087278.76,37307,2018
57,5,385301.71,15076,2018
57,35,191.68,8,2018
57,4,3485036.57,69216,2018
57,8,277290.27,8247,2018
57,2,2245192.58,44783,2018
57,36,199239.28,1331,2018
57,3,432674.43,14055,2018
57,1,3823874.67,66700,2018
57,7,3036168.91,45309,2018
57,5,289437.37,10912,2018
57,35,252.07,14,2018
57,7,2117507.6,33426,2018
57,36,162264.28,1273,2018
57,8,209013.82,6231,2018
57,2,1575307.85,30316,2018
57,1,2633168.66,46803,2018
57,50,450,30,2018
57,3,231323.44,6588,2018
57,4,2433850.66,46553,2018
57,4,3291277.49,63680,2018
57,5,335793.73,14063,2018
57,3,234035.16,5133,2018
57,35,401.55,16,2018
57,8,284573.31,6740,2018
57,36,183432.65,1619,2018
57,7,2762223.63,48555,2018
57,2,1898097.11,35561,2018
57,1,3572202.76,65256,2018
57,4,1806800.92,22043,2018
57,2,1856702.02,19894,2018
57,1,2191527.43,41375,2018
57,5,165132.4,6239,2018
57,7,1623726.46,22976,2018
57,35,261.95,7,2018
57,8,272750.27,5725,2018
57,3,263718.19,6496,2018
57,50,0,0,2018
57,36,107668.7,955,2018
57,3,264949.69,7170,2018
57,2,918006.09,16536,2018
57,4,1484250.75,26105,2018
57,50,100.11,5,2018
57,36,143964.98,1041,2018
57,8,294894.91,7580,2018
57,35,284.55,15,2018
57,7,1768895.73,27881,2018
57,1,2760866.5,45167,2018
57,5,233277.24,9429,2018
57,2,1180314.38,21436,2018
57,36,142293.92,1079,2018
57,1,2169116.22,32987,2018
57,8,176749.47,4152,2018
57,3,180641.45,4854,2018
57,50,100,151,2018
57,4,1674590.73,26946,2018
57,35,160.9,8,2018
57,5,240976.44,10466,2018
57,7,1699058.48,33068,2018
57,1,2251074.24,34835,2018
57,36,134671.8,978,2018
57,8,178073.17,5162,2018
57,50,50.22,251,2018
57,7,1863719.61,30366,2018
57,2,1184549.09,22354,2018
57,5,267764.68,8906,2018
57,3,295587.51,10466,2018
57,35,227.9,6,2018
57,4,1705184.74,28959,2018
57,7,1430007.39,23436,2018
57,1,2267766.24,40431,2018
57,8,256027.86,8437,2018
57,50,50.52,1295,2018
57,36,159309.71,1163,2018
57,35,400.58,23,2018
57,4,1981654.76,36789,2018
57,3,584931.44,15433,2018
57,5,241419.66,9886,2018
57,2,1799761.5,44922,2018
57,3,333983.97,8012,2018
57,2,2800479.23,78005,2018
57,8,277996.43,7541,2018
57,4,2995674.15,49490,2018
57,36,131952.64,918,2018
57,50,50.15,335,2018
57,35,634.7,25,2018
57,7,2301368.93,31991,2018
57,5,366259.11,22124,2018
57,1,2214089.69,39570,2018
57,4,1235589.22,24571,2018
57,7,1478608.23,25412,2018
57,3,179833.25,4718,2018
57,35,675.05,55,2018
57,50,95,10,2018
57,8,168194.07,4791,2018
57,36,119713.2,881,2018
57,2,940945.28,21085,2018
57,1,1813714.01,33572,2018
57,5,297193.38,15768,2018
57,1,2013342.12,37173,2018
57,8,227627.36,7092,2018
57,2,1059280.51,22512,2018
57,3,217679.44,6778,2018
57,7,1642441.65,30699,2018
57,50,315,21,2018
57,36,159603.82,1286,2018
57,5,245622.75,12745,2018
57,35,866.05,41,2018
57,4,1341999.92,27130,2018
57,4,1142227.38,24566,2018
57,35,767.76,36,2018
57,3,222672.54,7737,2018
57,2,845037.38,18697,2018
57,7,1493186.67,24659,2018
57,36,129234.64,1131,2018
57,8,221894.95,7233,2018
57,50,15,1,2018
57,1,1946383.07,39576,2018
57,5,308619.57,20756,2018
57,3,216927.57,6681,2018
57,5,261239.82,14171,2018
57,4,1402417.7,28719,2018
57,7,2113347.74,32740,2018
57,50,135,9,2018
57,8,161424.74,5421,2018
57,36,113892.56,1067,2018
57,1,2149838.44,49144,2018
57,35,765.25,31,2018
57,2,1130750.06,22080,2018
57,3,239589.32,6434,2018
57,36,114593.45,1092,2018
57,1,1609036.25,37557,2018
57,7,1802643.07,29790,2018
57,2,860844.52,19794,2018
57,35,801.4,57,2018
57,4,1286236.69,29488,2018
57,5,226430.06,12241,2018
57,50,175,11,2018
57,8,168988.21,5723,2018
57,1,1661351.4,37848,2018
57,36,143741.3,1691,2018
57,8,262955.88,6372,2018
57,2,1152376.63,30484,2018
57,50,210,14,2018
57,3,227261.18,5596,2018
57,4,1591571.73,33207,2018
57,35,727.01,29,2018
57,5,223336.73,13596,2018
57,7,1347883.65,23112,2018
57,36,116319.8,1349,2018
57,50,240,17,2018
57,7,1332737.31,20476,2018
57,2,671864.45,15669,2018
57,1,1967615.54,44747,2018
57,5,186148.36,9483,2018
57,4,1135228.59,24784,2018
57,3,302543.54,9035,2018
57,35,560.82,22,2018
57,8,163522.06,4369,2018
57,7,1236795.04,20195,2018
57,35,651.48,30,2018
57,8,140845.94,3694,2018
57,50,165,11,2018
57,3,362670.41,10345,2018
57,36,73152.19,799,2018
57,4,979948.01,22875,2018
57,2,559564.06,12582,2018
57,1,1014492.05,19267,2018
57,5,181926.49,7724,2018
57,1,1405483.56,21863,2018
57,5,190919.71,7689,2018
57,3,215806.16,5410,2018
57,2,575878.98,11554,2018
57,4,996829.83,22230,2018
57,8,172318.85,4628,2018
57,36,75732.71,579,2018
57,50,105.22,166,2018
57,35,378.8,26,2018
57,7,1215239.67,23053,2018
57,35,519.3,26,2018
57,5,228806.66,8932,2018
57,50,120.15,827,2018
57,7,1628264.68,34440,2018
57,2,751699.77,15917,2018
57,1,1520518.64,27624,2018
57,3,223429.48,5478,2018
57,8,171029.6,4601,2018
57,36,71304.18,698,2018
57,4,1159475.57,22548,2018
57,5,297206.05,13044,2018
57,35,718.62,37,2018
57,4,1393839.38,26046,2018
57,1,1415073.99,27142,2018
57,8,192133.77,6145,2018
57,50,118.07,303,2018
57,36,113948.04,1493,2018
57,3,202317.47,5572,2018
57,7,1240270.94,21501,2018
57,2,956321.4,21544,2018
57,3,336867.55,10746,2018
57,2,1418378.92,32358,2018
57,5,313246.2,15695,2018
57,50,192,19,2018
57,7,1505712.18,26490,2018
57,1,2237911.81,48662,2018
57,8,244097.41,9555,2018
57,36,103467.45,1001,2018
57,35,807,40,2018
57,4,1853257.11,36810,2018
57,7,2216194.3,34502,2018
57,5,388832.33,16542,2018
57,1,1779908.72,26968,2018
57,3,625598.34,21820,2018
57,2,968392.23,17684,2018
57,35,1158.58,79,2018
57,8,190841.81,4407,2018
57,36,49134.47,443,2018
57,50,407.17,46,2018
57,4,1900244.08,31228,2018
57,2,878051.11,17332,2018
57,5,282898.4,8522,2018
57,1,1713076.09,29632,2018
57,7,1856458.47,28647,2018
57,50,240,25,2018
57,4,1876497.85,33006,2018
57,3,390839.93,13950,2018
57,8,177003.33,5175,2018
57,36,58414.3,418,2018
57,35,1311.87,78,2018
57,35,930.88,45,2018
57,4,1617575.48,26186,2018
57,5,268324.12,7886,2018
57,1,1885693.35,28701,2018
57,8,174205.87,4688,2018
57,2,914275.35,15974,2018
57,7,1318563.93,21476,2018
57,50,294.11,30,2018
57,36,51762.15,320,2018
57,3,283936.17,10405,2018
57,50,122.13,394,2018
57,1,1627719.34,23062,2018
57,8,258204.23,6983,2018
57,36,52886.49,289,2018
57,5,266230.86,8704,2018
57,4,1610831.67,22828,2018
57,35,491.33,28,2018
57,2,738059.02,12428,2018
57,3,423960.22,12479,2018
57,7,1070372.65,16755,2018
57,4,2393162.74,37928,2018
57,3,422538.61,14917,2018
57,5,401589,14761,2018
57,7,2173845.51,33622,2018
57,50,40.01,5,2018
57,8,524665.57,15316,2018
57,36,65865.71,438,2018
57,1,2398902.12,38350,2018
57,35,731.01,42,2018
57,2,1311895.72,23403,2018
57,35,1069.61,56,2018
57,5,540080.46,17499,2018
57,8,263391.04,10597,2018
57,50,60.11,309,2018
57,4,3689256.36,61737,2018
57,3,310394,9962,2018
57,36,56749.94,428,2018
57,1,3765470.59,54253,2018
57,7,2429123.77,39034,2018
57,2,2353560.41,40815,2018
57,35,657.5,41,2018
57,5,471279.67,15260,2018
57,7,2480815.52,37386,2018
57,1,3159131.12,43786,2018
57,2,2070597.71,34491,2018
57,36,79208.33,472,2018
57,50,10,1,2018
57,8,205288.01,8010,2018
57,3,311711.69,7708,2018
57,4,3178691.04,52132,2018
57,4,4019153.09,70053,2018
57,5,622888.94,23298,2018
57,3,342156.7,8192,2018
57,35,1705.49,115,2018
57,36,104806.34,645,2018
57,8,282767.35,8464,2018
57,1,4067167.91,62354,2018
57,50,60.05,8,2018
57,2,2537307.53,47241,2018
57,7,3462775.84,59757,2018
57,4,3164953.83,51050,2018
57,1,3816309.21,67375,2018
57,5,536979.3,19757,2018
57,7,4127119.5,52341,2018
57,2,1711974.85,29284,2018
57,8,275688.34,9142,2018
57,35,4279.49,298,2018
57,36,60686.92,518,2018
57,3,439371.66,10398,2018
57,50,410,42,2018
57,3,597593.87,14082,2018
57,2,2921647.84,38616,2018
57,36,72547.1,593,2018
57,4,4178872.14,60545,2018
57,50,50,5,2018
57,35,5459.64,341,2018
57,8,359449.28,11618,2018
57,7,4594705.19,57222,2018
57,5,660913.83,23575,2018
57,3,639274.48,13156,2018
57,8,415193.77,12089,2018
57,4,3964488.22,52290,2018
57,5,764142.14,27744,2018
57,35,5882.4,342,2018
57,36,156491.24,787,2018
57,50,60.72,603,2018
57,36,195635.19,1013,2018
57,50,21,1410,2018
57,50,20.55,274,2018
57,1,2249661.68,35698,2018
57,7,5008704.1,77451,2018
57,36,62628.7,397,2018
57,4,3094165.64,42781,2018
57,3,635140.25,11277,2018
57,5,687804.83,25829,2018
57,2,3338036.21,66869,2018
57,3,585952.23,11588,2018
57,8,419175.27,13102,2018
57,36,99056.05,485,2018
57,4,3271019.42,52573,2018
57,50,70.55,18,2018
57,7,2967814.57,47170,2018
57,1,2034853.58,33630,2018
57,5,644554.61,25712,2018
57,2,3371666.97,102399,2018
57,7,4507355.5,51143,2018
57,4,2241604.95,34272,2018
57,50,0.68,9,2018
57,36,142841.54,777,2018
57,8,347709.63,13364,2018
57,3,431052.77,11283,2018
57,35,6712.36,490,2018
57,2,2341144.42,69322,2018
57,5,440742.45,17808,2018
57,1,1581623.5,24067,2018
57,1,3522634.91,68695,2018
57,2,3046997.12,70706,2018
57,7,3249455.16,53972,2018
57,50,0.61,9,2018
57,8,345810.16,11826,2018
57,3,596379.44,18723,2018
57,4,3157497.2,60451,2018
57,5,508733.28,25489,2018
57,4,874208.33,14223,2018
57,35,2460.44,170,2018
57,3,140351.05,3845,2018
57,2,586380.1,11062,2018
57,7,1318862.48,19146,2018
57,36,64726.97,377,2018
57,8,83099.16,2743,2018
57,1,709802.21,12552,2018
57,5,151059.14,5565,2018
57,7,43627.45,208,2018
57,2,1104.89,21,2018
57,4,2036.74,12,2018
57,5,19794.44,118,2018
57,2,68.6,1,2018
57,7,3331.49,15,2018
57,5,1677.52,12,2018
57,4,1656.39,27,2018
57,7,95,1,2018
57,7,1074.86,17,2018
57,4,105,1,2018
57,5,224.99,1,2018
57,7,362.12,11,2019
57,7,48.98,2,2019
57,7,66.29,1,2019
57,7,174.27,3,2019
57,7,218.86,11,2019
57,7,279,1,2019
57,7,237.73,3,2019
57,7,98.4,7,2019
57,7,270.36,5,2019
57,7,217.48,4,2019
